{
  "i18n/i18n.properties": 1676690367542,
  "model/models.js": 1676690367542,
  "manifest.json": 1676765789982,
  "controller/View1.controller.js": 1676765734879,
  "Component.js": 1676690367538,
  "manifest-bundle.zip": 1676765789829,
  "Component-preload.js": 1676765789952,
  "model/models-dbg.js": 1676690367542,
  "controller/View1-dbg.controller.js": 1676765734879,
  "Component-dbg.js": 1676690367538,
  "resources.json": 1676765789990,
  "view/View1.view.xml": 1676701154134,
  "css/style.css": 1676690367538,
  "index.html": 1676690367538
}