{
  "manifest.json": 1676615727417,
  "model/models.js": 1676604982833,
  "i18n/i18n.properties": 1676604982833,
  "controller/View1.controller.js": 1676604982829,
  "Component.js": 1676604982829,
  "manifest-bundle.zip": 1676615727059,
  "Component-preload.js": 1676615727371,
  "controller/View1-dbg.controller.js": 1676604982829,
  "model/models-dbg.js": 1676604982833,
  "Component-dbg.js": 1676604982829,
  "resources.json": 1676615727420,
  "view/View1.view.xml": 1676610279332,
  "css/style.css": 1676604982829,
  "index.html": 1676604982829
}